# Serbo-Croatian (srpskohrvatski), {ijekavian|ekavian} where they differ. Each line: the English text (exactly as in the app), a tab, the translation.
# \n is a new line; {0}, {1}… are filled in by the app. Missing lines stay English.
More options	Više opcija
Unit converter	Pretvarač jedinica
Settings	Postavke
Acknowledgements	Zahvale
Clear the history?	Obrisati {historiju|istoriju}?
Clear	Obriši
Cancel	Otkaži
Copy last answer	Kopiraj {posljednji|poslednji} rezultat
Clear history	Obriši {historiju|istoriju}
Delete this calculation?	Obrisati ovaj račun?
It will be removed from the history. This can't be undone.	Bit će uklonjen iz {historije|istorije}. Ovo se ne može poništiti.
Delete	Obriši
Your calculations will appear here	Vaši računi će se pojaviti {ovdje|ovde}
Tap a past question or answer to use it again, hold it to copy it, swipe it away to delete it	Dodirnite raniji izraz ili rezultat da ga ponovo koristite, zadržite da ga kopirate, prevucite da ga obrišete
Expression	Izraz
Show actions	Prikaži radnje
Pinned	Prikačeno
Use this expression	Koristi ovaj izraz
Use this answer	Koristi ovaj rezultat
More: folder, share, delete	Više: fascikla, {podijeli|podeli}, obriši
Use the answer	Koristi rezultat
Share as image	{Podijeli|Podeli} kao sliku
Share as LaTeX	{Podijeli|Podeli} kao LaTeX
Copy LaTeX	Kopiraj LaTeX
Choose the coordinate letters	Izaberite slova koordinata
Undefine	Ukloni definiciju
Remove symbol	Ukloni simbol
How to use	Kako koristiti
Open the NIST page	Otvori NIST stranicu
NIST CODATA value and uncertainty	NIST CODATA {vrijednost|vrednost} i nesigurnost
Dismiss	Zatvori
Hide the keyboard	Sakrij tastaturu
Show the keyboard	Prikaži tastaturu
Matrix size	Veličina matrice
Insert	Umetni
Physical constants	Fizičke konstante
Search constants	Pretraži konstante
Clear the search	Obriši pretragu
exact	tačno
App color	Boja aplikacije
Language	Jezik
Translations are new and may be incomplete: anything not translated yet shows in English. The documentation and key explanations are in English.	{Prijevodi|Prevodi} su novi i možda nepotpuni: sve što još nije prevedeno prikazuje se na engleskom. Dokumentacija i objašnjenja tipki su na engleskom.
Put a shortcut on your home screen that opens straight to one of these. Holding the app's icon shows them too.	Dodajte prečicu na početni ekran koja otvara direktno jedno od ovoga. Zadržavanjem ikone aplikacije prikazuju se i one.
Done	Gotovo
System	Sistem
Spelling	Izgovor
Ijekavian	Ijekavski
Ekavian	Ekavski
Appearance	Izgled
Theme	Tema
Light	{Svijetla|Svetla}
Dark	Tamna
Colors from your wallpaper	Boje iz pozadine
Material You dynamic color	Material You dinamične boje
Math size	Veličina formula
Small	Mala
Medium	Srednja
Large	Velika
Keypad size	Veličina tastature
Compact	Kompaktna
Tall	Visoka
Keyboard side	Strana tastature
Left	{Lijevo|Levo}
Right	Desno
Expressive motion	Izražajni pokreti
Springy animations; off for calmer ones	Elastične animacije; isključite za mirnije
Calculator	Kalkulator
Live answer	Rezultat uživo
The result under what you're typing	Rezultat ispod onoga što kucate
Continue from the answer	Nastavi od rezultata
An operator after = starts with Ans	Operator {poslije|posle} = počinje sa Ans
Explanations on long-press	Objašnjenja dugim pritiskom
Formula, theory and how to use each key	Formula, teorija i upotreba svake tipke
Show steps	Prikaži korake
Worked steps for calculus (integrals, derivatives, limits, sums, series, $\\oint$), algebra and complex numbers, matrices (determinants, inverses, eigenvalues, rref), differential equations, statistics and vector calculus: Steps on a history card. Still in beta, so steps may skip some algebra	Detaljni koraci za analizu (integrali, izvodi, limesi, sume, redovi, $\\oint$), algebru i kompleksne brojeve, matrice (determinante, inverzi, sopstvene {vrijednosti|vrednosti}, rref), diferencijalne jednačine, statistiku i vektorsku analizu: Koraci na kartici {historije|istorije}. Još u beta fazi, pa koraci mogu preskočiti {dio|deo} algebre
Beta	Beta
History	{Historija|Istorija}
History keeps	{Historija|Istorija} čuva
All	Sve
Ask before clearing history	Pitaj {prije|pre} brisanja {historije|istorije}
Ask before deleting	Pitaj {prije|pre} brisanja
A calculation, or a line in a graph	Račun ili linija u grafiku
Numbers	Brojevi
Show answers as	Prikaži rezultate kao
Exact	Tačno
Decimal	Decimalno
Number format	Format brojeva
Auto	Automatski
Scientific	Naučni
Engineering	Inženjerski
decimal	decimala
decimals	decimala
Group digits	Grupiši cifre
1 000 000 rather than 1000000	1 000 000 {umjesto|umesto} 1000000
Complex decimals	Kompleksne decimale
Polar	Polarno
Graphs	Grafici
Grid lines	Linije mreže
The axes always show	Ose se {uvijek|uvek} vide
Legend	Legenda
Each line's name in the corner, and in exports. Hold a line to rename it	Ime svake linije u uglu i u izvozu. Zadržite liniju da je preimenujete
Mark points on curves	Označi tačke na krivama
Zeros, extrema and crossings of the tapped curve	Nule, ekstremi i {presjeci|preseci} dodirnute krive
Geometry mode	Geometrijski režim
Constructions in the 2D graph: name points (A = (1, 2)) and build with Segment, Circle, Intersect, Midpoint, Angle, Area and more, or tap with the Construct tools. Drag free points and everything built on them follows. In the 3D graph, geometry in space (planes, spheres, solids); on the complex plane, points as numbers. Early alpha: it will change a lot	Konstrukcije u 2D grafiku: imenujte tačke (A = (1, 2)) i gradite sa Segment, Circle, Intersect, Midpoint, Angle, Area i drugim, ili dodirujte alatima za konstrukciju. Prevucite slobodne tačke i sve izgrađeno na njima ih prati. U 3D grafiku geometrija u prostoru (ravni, sfere, {tijela|tela}); u kompleksnoj ravni tačke kao brojevi. Rana alfa: još će se mnogo {mijenjati|menjati}
Alpha	Alfa
Starting view	Početni prikaz
2D field quality	Kvalitet 2D polja
Low	Nizak
High	Visok
3D surface detail	Detalji 3D površi
Complex plot quality	Kvalitet kompleksnih grafika
Touch and screen	Dodir i ekran
Haptic feedback	Haptički odziv
A tap on each key and button	Vibracija na svakoj tipki i dugmetu
Key sounds	Zvuk tipki
A click on each key (uses the system's touch sounds)	Klik na svakoj tipki (koristi sistemske zvukove dodira)
Keep the screen on	Drži ekran uključen
While the app is open	Dok je aplikacija otvorena
Home screen	Početni ekran
Add to the home screen	Dodaj na početni ekran
Feedback	Povratne informacije
Report a bug	Prijavi grešku
An email to the developer with the app's log attached	E-pošta programeru s priloženim zapisnikom aplikacije
Request a feature	Predloži funkciju
An email to the developer with your idea	E-pošta programeru s vašom idejom
Documentation	Dokumentacija
About	O aplikaciji
Fonts, libraries, data and methods, with links	Fontovi, biblioteke, podaci i metode, s linkovima
Open the acknowledgements	Otvori zahvale
Complex plane. Color shows the argument of f(z), brightness its size. Drag to move, pinch to zoom, tap to read a value. f can use r and θ for |z| and arg z.	Kompleksna ravan. Boja pokazuje argument od f(z), {osvjetljenost|osvetljenost} njegovu veličinu. Prevucite za {pomjeranje|pomeranje}, raširite prste za zumiranje, dodirnite za očitavanje {vrijednosti|vrednosti}. f može koristiti r i θ za |z| i arg z.
Tap where the area should end	Dodirnite {gdje|gde} površina treba da se završi
Graph settings	Postavke grafika
Plot quality	Kvalitet grafika
Area inside	Površina unutar
Area inside this curve	Površina unutar ove krive
To the axis	Do ose
Area to the real axis from here	Površina do realne ose odavde
Between	Između
Area between the curves from here	Površina između krivih odavde
Start constructing	Počni konstrukciju
Construct	Konstruiši
1 corner	1 {tjeme|teme}
{0} corners	{Tjemena|Temena}: {0}
1 point	1 tačka
{0} points	Tačaka: {0}
Step {0} of {1}	Korak {0} od {1}
Take back the last pick	Poništi {posljednji|poslednji} izbor
Show {0}	Prikaži: {0}
, in use	, u upotrebi
Use {0}	Koristi: {0}
Make	Napravi
The app closed unexpectedly	Aplikacija se neočekivano zatvorila
This is what went wrong. Report it (an email with it attached) to help fix it.	Ovo je pošlo po zlu. Prijavite (e-poštom s prilogom) da pomognete da se popravi.
Report	Prijavi
Copy	Kopiraj
Close	Zatvori
Graph. Drag to move, pinch to zoom, tap a curve to read a point, double-tap to reset.	Grafik. Prevucite za {pomjeranje|pomeranje}, raširite prste za zumiranje, dodirnite krivu da očitate tačku, dvaput dodirnite za vraćanje.
Import points from a CSV, Excel or Google Sheets file	Uvezi tačke iz CSV, Excel ili Google Sheets datoteke
Import data	Uvezi podatke
Square zoom: equal scales	Kvadratni zum: jednake {razmjere|razmere}
Import sheets	Uvezi listove
Each sheet becomes its own line.	Svaki list postaje zasebna linija.
Numbers on the axes	Brojevi na osama
Degrees	Stepeni
Field quality	Kvalitet polja
Area	Površina
Area from here	Površina odavde
Between curves	Između krivih
Tangent	Tangenta
Add the tangent line here	Dodaj tangentu {ovdje|ovde}
Normal	Normala
Add the normal line here	Dodaj normalu {ovdje|ovde}
Arc length	Dužina luka
Arc length from here	Dužina luka odavde
Remove	Ukloni
Remove this solution	Ukloni ovo {rješenje|rešenje}
Clear all	Obriši sve
Remove every solution	Ukloni sva {rješenja|rešenja}
Zoom in	Uvećaj
Set the limits	Postavi granice
Zoom out	Umanji
Fit z to the surfaces	Prilagodi z površima
Each lower limit must be below its upper limit.	Svaka donja granica mora biti ispod gornje.
Coordinates	Koordinate
Surface detail	Detalji površi
from	od
to	do
3D graph. Drag to rotate, pinch to zoom, tap the surface to read a point, double-tap to reset.	3D grafik. Prevucite za rotaciju, raširite prste za zumiranje, dodirnite površ da očitate tačku, dvaput dodirnite za vraćanje.
Reversed	Obrnuto
Run the colors the other way round	Obrni {redoslijed|redosled} boja
Drag ⠿ to reorder · swipe a map away to remove it	Prevucite ⠿ za {promjenu redoslijeda|promenu redosleda} · prevucite mapu u stranu da je uklonite
Search by name	Pretraži po imenu
No colormap by that name	Nema mape boja s tim imenom
Colormap	Mapa boja
Drag to reorder	Prevucite za {promjenu redoslijeda|promenu redosleda}
Saturation and brightness	Zasićenost i {svjetlina|svetlina}
Line thickness	Debljina linije
Default	{Podrazumijevano|Podrazumevano}
Edit as a table	Uredi kao tabelu
Name in the legend	Ime u legendi
Name	Ime
Math between $ signs, in LaTeX: $\\sin x$	Matematika između znakova $, u LaTeX-u: $\\sin x$
(no name: left out of the legend)	(bez imena: izostavljeno iz legende)
Save	Sačuvaj
Point	Tačka
Point size	Veličina tačke
Show coordinates	Prikaži koordinate
Join the points	Spoji tačke
Closed shape (polygon)	Zatvoren oblik (mnogougao)
Fill opacity	Neprozirnost ispune
Filled	Ispunjeno
Show name	Prikaži ime
Move along its path	Kretanje po putanji
Round once in 10 s, or back and forth	Jedan krug za 10 s, ili {naprijed|napred}-nazad
Color, line style and thickness are above.	Boja, stil linije i debljina su iznad.
Arrows	Strelice
Color	Boja
Change the colormap	{Promijeni|Promeni} mapu boja
Length	Dužina
Arrow scale	{Razmjera|Razmera} strelica
Arrowhead	Vrh strelice
Arrowhead size	Veličina vrha strelice
Number of arrows across	Broj strelica po širini
Arrow thickness	Debljina strelica
From	Od
To	Do
Fit to the list	Prilagodi listi
Couldn't fit this to the points	Nije moguće prilagoditi tačkama
Export the graph	Izvezi grafik
Export	Izvezi
Note	{Bilješka|Beleška}
Delete folder	Obriši fasciklu
Into folder above	U fasciklu iznad
Out of folder	Iz fascikle
Close without saving	Zatvori bez čuvanja
Data table	Tabela podataka
Formulas	Formule
Undo	Poništi
Redo	Ponovi
More	Više
Share as CSV	{Podijeli|Podeli} kao CSV
Copy as CSV	Kopiraj kao CSV
Remove empty rows	Ukloni prazne redove
No numbers in this column yet.	U ovoj koloni još nema brojeva.
Text and empty cells are left out; the standard deviation is the sample's. Tap a value to copy it.	Tekst i prazne ćelije se izostavljaju; standardna devijacija je uzoračka. Dodirnite {vrijednost|vrednost} da je kopirate.
Fill with a series	Popuni nizom
Start	Početak
Step	Korak
Fill	Popuni
Fill handle: drag to copy this cell, double-tap to fill to the end of the data	Ručica za popunjavanje: prevucite da kopirate ćeliju, dvaput dodirnite da popunite do kraja podataka
$ keeps a column or row fixed when filling	$ fiksira kolonu ili red pri popunjavanju
Roles	Uloge
Columns without a role are kept but not plotted. ＋ › Paste copies a table from a spreadsheet. Drag the grips to resize rows and columns.	Kolone bez uloge se čuvaju, ali se ne crtaju. ＋ › {Zalijepi|Zalepi} kopira tabelu iz tabelarnog programa. Prevucite ručice da {promijenite|promenite} veličinu redova i kolona.
No points yet	Još nema tačaka
Chosen	Izabrano
Statistics	Statistika
Sort smallest first	Sortiraj od najmanjeg
Sort largest first	Sortiraj od najvećeg
Fill with 1, 2, 3…	Popuni sa 1, 2, 3…
Fill with a series…	Popuni nizom…
Fill the formula down	Popuni formulu {nadolje|nadole}
Duplicate the column	Dupliraj kolonu
Move left	{Pomjeri|Pomeri} {lijevo|levo}
Move right	{Pomjeri|Pomeri} desno
Clear the column	Obriši kolonu
Remove the column	Ukloni kolonu
Insert a row above	Umetni red iznad
Insert a row below	Umetni red ispod
Edit this cell	Uredi ovu ćeliju
Resize the list of lines: drag sideways, double-tap to reset	{Promjena|Promena} širine liste linija: prevucite u stranu, dvaput dodirnite za vraćanje
Use	Koristi
Use the value in the calculator	Koristi {vrijednost|vrednost} u kalkulatoru
Copy the value	Kopiraj {vrijednost|vrednost}
Each “from” must be a number below its “to”	Svako „od“ mora biti broj manji od svog „do“
Axis scale	Skala ose
Fit statistics	Statistika prilagođavanja
This line can't be fitted to the points (too few points, or values it can't take).	Ova linija se ne može prilagoditi tačkama (premalo tačaka ili {vrijednosti|vrednosti} koje ne može uzeti).
No σ(y) on the points, so χ²/ν counts each as σ = 1: it's the residuals' mean square. Give the data a σ(y) column for a true reduced χ².	Tačke nemaju σ(y), pa χ²/ν računa svaku kao σ = 1: to je srednji kvadrat reziduala. Dodajte podacima kolonu σ(y) za pravi redukovani χ².
Apply the fit	{Primijeni|Primeni} prilagođavanje
Residuals	Reziduali
This color	Ova boja
By length	Prema dužini
Arrow color	Boja strelica
Arrow length	Dužina strelica
Line	Linija
Add a line	Dodaj liniju
Add a note	Dodaj {bilješku|belešku}
Folder	Fascikla
Add a folder	Dodaj fasciklu
Table	Tabela
Add a table	Dodaj tabelu
Row	Red
Add a row	Dodaj red
Column	Kolona
Add a column	Dodaj kolonu
Paste	{Zalijepi|Zalepi}
Paste a table from the clipboard	{Zalijepi|Zalepi} tabelu iz međuspremnika
Preview of the export	Pregled izvoza
Limits	Granice
Each limit needs a number, and “from” must be less than “to”.	Svaka granica treba broj, a „od“ mora biti manje od „do“.
The graph itself, with its lines, colors and sliders, to open again in CAS Scientific Calculator (Saved graphs › Import).	Sam grafik, s linijama, bojama i klizačima, da se ponovo otvori u CAS Scientific Calculator (Sačuvani grafici › Uvezi).
Share file	{Podijeli|Podeli} datoteku
Save file	Sačuvaj datoteku
Share	{Podijeli|Podeli}
Export graph	Izvezi grafik
Open and replace	Otvori i {zamijeni|zameni}
Search calculations	Pretraži račune
Export these calculations	Izvezi ove račune
Empty the folder (calculations stay)	Isprazni fasciklu (računi ostaju)
Rename	Preimenuj
Move to folder	{Premjesti|Premesti} u fasciklu
New folder	Nova fascikla
e.g. Homework 3	npr. Domaći 3
Create and move	Napravi i {premjesti|premesti}
Title	Naslov
Back	Nazad
Search the documentation	Pretraži dokumentaciju
Nothing matches	Nema rezultata
Search	Pretraži
On this page	Na ovoj stranici
You type	Kucate
Answer	Rezultat
Search, e.g. lookup, NORM, date	Pretraga, npr. lookup, NORM, date
No functions match	Nijedna funkcija ne odgovara
Guide	Vodič
Show the guide to {0}	Prikaži vodič za: {0}
Try	Probaj
Open {0}	Otvori: {0}
Guide to {0}	Vodič za: {0}
Saved graphs	Sačuvani grafici
Close the search	Zatvori pretragu
Import a graph file (.g2d, .g3d, .gcp)	Uvezi datoteku grafika (.g2d, .g3d, .gcp)
Nothing to save	Nema ničeg za čuvanje
OK	U redu
The saved graph will be removed. The graph on screen isn't affected.	Sačuvani grafik će biti uklonjen. Grafik na ekranu ostaje {nepromijenjen|nepromenjen}.
Save a graph to keep its lines, colors and sliders, and open it again later.	Sačuvajte grafik da zadržite linije, boje i klizače i otvorite ga kasnije.
Duplicate	Dupliraj
No lines	Nema linija
Outline	Pregled
Steps	Koraci
Copy the steps	Kopiraj korake
No steps for this one yet	Za ovo još nema koraka
Steps are in beta: calculus, algebra, complex numbers, matrices, differential equations, statistics and vector calculus for now.	Koraci su u beta fazi: za sada analiza, algebra, kompleksni brojevi, matrice, diferencijalne jednačine, statistika i vektorska analiza.
Steps are in beta and may skip some algebra.	Koraci su u beta fazi i mogu preskočiti {dio|deo} algebre.
LaTeX	LaTeX
Bold	Podebljano
For vectors and matrices, as \\boldsymbol	Za vektore i matrice, kao \\boldsymbol
None	Nijedan
Tap a box, then type into it from the pad. Scripts can go on the right of the letter, or on its left (as in ¹⁴₆C).	Dodirnite polje, pa kucajte u njega s tastature. Indeksi mogu biti desno od slova ili {lijevo|levo} (kao u ¹⁴₆C).
Double-tap a box to type into it with your keyboard (as upright text).	Dvaput dodirnite polje da u njega kucate tastaturom (kao uspravan tekst).
Italic	Kurziv
Save and insert	Sačuvaj i umetni
Remove this symbol	Ukloni ovaj simbol
empty	prazno
Written upright, as text (eff, max, ext…)	Uspravno, kao tekst (eff, max, ext…)
Value	{Vrijednost|Vrednost}
Change the unit	{Promijeni|Promeni} jedinicu
Swap the units	{Zamijeni|Zameni} jedinice
Swap	{Zamijeni|Zameni}
Significant figures	Značajne cifre
Physical equivalences	Fizičke ekvivalencije
When the dimensions differ, these constants may connect them: mass and energy, energy and frequency or wavelength, energy and temperature.	Kada se dimenzije razlikuju, ove konstante ih mogu povezati: masu i energiju, energiju i frekvenciju ili talasnu dužinu, energiju i temperaturu.
Use this unit	Koristi ovu jedinicu
Tap units below	Dodirnite jedinice ispod
or type one, like km/s/Mpc	ili ukucajte jednu, npr. km/s/Mpc
Type a unit	Ukucajte jedinicu
Clear the unit	Obriši jedinicu
Delete the last unit	Obriši {posljednju|poslednju} jedinicu
Prefix	Prefiks
Search units	Pretraži jedinice
prefixes	prefiksi
Clear variables (	Obriši {promjenljive|promenljive} (
Start a cell with =. Cells are A1, B2…; ranges A1:A10 or whole columns A:A; $A$1 stays put when filled down. Operators + − * / ^ % & and comparisons = <> < > <= >=. Text goes in "quotes".	Ćeliju počnite sa =. Ćelije su A1, B2…; opsezi A1:A10 ili {cijele|cele} kolone A:A; $A$1 ostaje fiksno pri popunjavanju {nadolje|nadole}. Operatori + − * / ^ % & i poređenja = <> < > <= >=. Tekst ide pod "navodnike".
Maximum	Maksimum
Minimum	Minimum
Zero	Nula
Intersection	{Presjek|Presek}
y-intercept	{Presjek|Presek} s y-osom
Starting point	Početna tačka
Vector	Vektor
2D graphing	2D grafici
3D graphing	3D grafici
Complex plotting	Kompleksni grafici
Points	Tačke
Lines	Linije
Circles & shapes	Krugovi i oblici
Planes & solids	Ravni i {tijela|tela}
Conics	Konusni {presjeci|preseci}
Complex	Kompleksno
Measure	{Mjerenje|Merenje}
Transform	Transformacije
Move	{Pomjeri|Pomeri}
Place it	Postavite je
Point on object	Tačka na objektu
The object	Objekat
Intersect	{Presjek|Presek}
First object	Prvi objekat
Second object	Drugi objekat
Midpoint	Središte
First point	Prva tačka
Second point	Druga tačka
Roots	Nule
Root	Nula
The function	Funkcija
Extrema	Ekstremi
Extremum	Ekstrem
Inflection points	Prevojne tačke
Inflection	Prevoj
Closest point	Najbliža tačka
Near	Blizu
Segment	Duž
End	Kraj
Segment of length	Duž zadate dužine
Ray	Poluprava
Through	Kroz
Polyline	Izlomljena linija
Best fit line	Linija najboljeg prilagođavanja
Perpendicular	Normala
The line	Prava
Parallel	Paralela
Perpendicular bisector	Simetrala duži
Angle bisector	Simetrala ugla
Corner	{Tjeme|Teme}
Circle or conic	Krug ili konusni {presjek|presek}
Polar line	Polara
Common tangents	Zajedničke tangente
First circle	Prvi krug
Second circle	Drugi krug
Polygon	Mnogougao
Corners	{Tjemena|Temena}
Regular polygon	Pravilni mnogougao
First corner	Prvo {tjeme|teme}
Second corner	Drugo {tjeme|teme}
Number of sides	Broj stranica
Circle	Krug
Center	Centar
On the circle	Na krugu
Circle with radius	Krug zadatog poluprečnika
Radius	Poluprečnik
Compass	Šestar
Radius from	Poluprečnik od
Radius to	Poluprečnik do
Circle through 3	Krug kroz 3
Incircle	Upisani krug
Semicircle	Polukrug
Arc	Luk
Sector	{Isječak|Isečak}
Sector through 3	{Isječak|Isečak} kroz 3
Ellipse	Elipsa
Focus	Žiža
On it	Na njoj
Hyperbola	Hiperbola
Parabola	Parabola
Directrix	Direktrisa
Conic through 5	Konusni {presjek|presek} kroz 5
Conic	Konusni {presjek|presek}
Angle	Ugao
Angle of size	Ugao zadate veličine
Rotate	Rotiraj
Angle (degrees)	Ugao (stepeni)
Distance	Rastojanje
The shape	Oblik
Slope	Nagib
Relation	Odnos
First	Prvi
Second	Drugi
Locus	Geometrijsko {mjesto|mesto}
Tracing point	Tačka koja ostavlja trag
Moving point	Pokretna tačka
Reflect in line	Osna simetrija
Reflect	Preslikaj
What to reflect	Šta se preslikava
Mirror line	Osa simetrije
Reflect in point	Centralna simetrija
Reflect in circle	Inverzija u krugu
The point	Tačka
The circle	Krug
What to turn	Šta se rotira
Translate	Transliraj
What to move	Šta se {pomjera|pomera}
The vector	Vektor
Dilate	Homotetija
What to scale	Šta se skalira
Factor	Faktor
Plane through 3	Ravan kroz 3
Plane	Ravan
Parallel plane	Paralelna ravan
The plane	Ravan
Perpendicular plane	Normalna ravan
Perpendicular to plane	Normala na ravan
Sphere	Sfera
On the sphere	Na sferi
Sphere with radius	Sfera zadatog poluprečnika
Cube	Kocka
Edge start	Početak ivice
Edge end	Kraj ivice
Tetrahedron	Tetraedar
Pyramid	Piramida
Apex	Vrh
Base polygon	Osnova (mnogougao)
Prism	Prizma
Top of the first edge	Vrh prve ivice
Volume	Zapremina
The solid	{Tijelo|Telo}
Reflect in plane	Ravanska simetrija
Mirror plane	Ravan simetrije
Rotate about line	Rotacija oko prave
Axis	Osa
Multiply	Pomnoži
First number	Prvi broj
Second number	Drugi broj
Divide	{Podijeli|Podeli}
Top	Brojilac
Bottom	Imenilac
Conjugate	Konjugat
Point or shape	Tačka ili oblik
nth roots	n-ti {korijeni|koreni}
The number	Broj
n (how many roots)	n (broj {korijena|korena})
Modulus	Moduo
Argument	Argument
Image under f	Slika pri f
Image	Slika
Function (its name, like f)	Funkcija (njeno ime, npr. f)
Number	Broj
Perp. bisector	Simetrala duži
Perp. line	Normala
Inflections	Prevoji
Circle, radius	Krug, poluprečnik
Segment, length	Duž, dužina
Angle, size	Ugao, veličina
Perp. plane	Normalna ravan
Perp. to plane	Normala na ravan
Sphere, radius	Sfera, poluprečnik
Tap the corners, then the first again to close	Dodirnite {tjemena|temena}, pa ponovo prvo da zatvorite
Tap the points, then Finish	Dodirnite tačke, pa Završi
Tap a point, or an empty spot to make one	Dodirnite tačku ili prazno {mjesto|mesto} da je napravite
Tap a line, circle, polygon or curve	Dodirnite liniju, krug, mnogougao ili krivu
Tap a line, segment or ray	Dodirnite pravu, duž ili polupravu
Tap a circle or conic	Dodirnite krug ili konusni {presjek|presek}
Tap a function's graph	Dodirnite grafik funkcije
Tap a vector	Dodirnite vektor
Tap a plane	Dodirnite ravan
Tap a point or an object	Dodirnite tačku ili objekat
Drag points to move them	Prevucite tačke da ih {pomjerite|pomerite}
Pick a tool below	Izaberite alat ispod
Pick a tool beside the graph	Izaberite alat pored grafika
Finish	Završi
Next	Dalje
Show the geometry guide	Prikaži vodič za geometriju
Close the guide	Zatvori vodič
Skip the guide	Preskoči vodič
Show me	Pokaži mi
Pick a tool	Izaberite alat
The tools stand in groups beside the graph. Tap Segment to try one, or let the guide pick it.	Alati su u grupama pored grafika. Dodirnite Duž da probate jedan ili neka ga vodič izabere.
The tools are under the graph, in groups. Tap Segment to try one, or let the guide pick it.	Alati su ispod grafika, u grupama. Dodirnite Duž da probate jedan ili neka ga vodič izabere.
Tap to build	Dodirnite za gradnju
Tap two points, or empty spots to put new ones on the floor. The card at the top says what each tap is for.	Dodirnite {dvije|dve} tačke ili prazna {mjesta|mesta} da postavite nove na pod. Kartica na vrhu kaže čemu služi svaki dodir.
Tap two points, or empty spots to make new ones. The card at the top says what each tap is for.	Dodirnite {dvije|dve} tačke ili prazna {mjesta|mesta} da napravite nove. Kartica na vrhu kaže čemu služi svaki dodir.
Drag a point	Prevucite tačku
Drag a point you made: everything built on it follows. A point on a line or circle slides along it.	Prevucite tačku koju ste napravili: sve izgrađeno na njoj je prati. Tačka na pravoj ili krugu klizi po njima.
Drag a point you made: it moves level, keeping its height, and everything built on it follows. Edit its line to change its height.	Prevucite tačku koju ste napravili: kreće se vodoravno, na istoj visini, a sve izgrađeno na njoj je prati. Uredite njenu liniju da {promijenite|promenite} visinu.
Drag a point you made: everything built on it follows. Here points are numbers, so its line reads A = 1 + 2i.	Prevucite tačku koju ste napravili: sve izgrađeno na njoj je prati. {Ovdje|Ovde} su tačke brojevi, pa njena linija glasi A = 1 + 2i.
More to build	Još za gradnju
Measure gives lengths, areas and angles; Transform reflects, rotates and dilates. Tools on curves (roots, extrema, tangents) work on your functions too.	{Mjerenje|Merenje} daje dužine, površine i uglove; Transformacije preslikavaju, rotiraju i skaliraju. Alati za krive (nule, ekstremi, tangente) rade i na vašim funkcijama.
Planes and solids	Ravni i {tijela|tela}
Build planes through points, spheres, cubes, pyramids and prisms. Planes are cut to the box and drawn see-through, so what's behind still shows.	Gradite ravni kroz tačke, sfere, kocke, piramide i prizme. Ravni su {odsječene|odsečene} na kutiju i providne, pa se vidi i ono iza njih.
Complex tools	Kompleksni alati
Multiply and divide points as numbers, take nth roots, or draw where a function f(z) from your list takes a point or a shape.	Množite i {dijelite|delite} tačke kao brojeve, računajte n-te {korijene|korene} ili nacrtajte kuda funkcija f(z) s vaše liste preslikava tačku ili oblik.
Options and names	Opcije i imena
Tap a line's color dot for its size, name and fill. Every construction is a line of text too: edit A = (1, 2), or type Circle(A, 3).	Dodirnite tačku boje linije za veličinu, ime i ispunu. Svaka konstrukcija je i red teksta: uredite A = (1, 2) ili ukucajte Circle(A, 3).
